,0,1,2,3,4,5,6
0,"   Ticker  CurrentPrice  ExpectedReturn  SharpeRatio  ... CurrentHolding  current_weight  NewTotalAllocation  FinalWeight
0    AAPL    229.350006        0.005122     0.729472  ...        26798.0        0.037678             26798.0     0.037678
1    AMZN    222.690002        0.001392     0.766961  ...        32498.0        0.045693             32498.0     0.045693
2     AXP    297.429993        0.058796     0.402560  ...        11133.0        0.015653             11133.0     0.015653
3    BABA    120.360001        0.379196     0.045773  ...         8858.0        0.012454              8858.0     0.012454
4     DIS    112.430000        0.147381     0.090111  ...         2205.0        0.003100              2205.0     0.003100
5   GOOGL    201.419998        0.017774     0.669549  ...        53664.0        0.075452             53664.0     0.075452
6      KR     74.239998        0.052370     0.347830  ...         6749.0        0.009489              6749.0     0.009489
7    META    769.299988        0.020953     0.567847  ...       156059.0        0.219421            156059.0     0.219421
8    MSFT    522.039978        0.037696     0.894762  ...        49570.0        0.069696             49570.0     0.069696
9      NU     12.300000        0.053846     0.077125  ...         9801.0        0.013780              9801.0     0.013780
10   NVDA    182.699997        0.028884     1.149615  ...       164304.0        0.231013            164304.0     0.231013
11    OXY     44.320000        0.240975    -0.053208  ...         9033.0        0.012700              9033.0     0.012700
12   PYPL     67.650002        0.433851     0.157570  ...        57125.0        0.080318             57125.0     0.080318
13   TSLA    329.649994       -0.012457     0.508059  ...        34347.0        0.048292             34347.0     0.048292
14    TSM    241.830002        0.058103     0.769732  ...        53391.0        0.075068             53391.0     0.075068
15   UBER     89.559998        0.016079     0.237387  ...        16440.0        0.023115             16440.0     0.023115
16      V    336.779999        0.048843     0.657371  ...        19257.0        0.027076             19257.0     0.027076
17   ADBE    341.049988        0.375165     0.439399  ...            0.0        0.000000                 0.0     0.000000

[18 rows x 11 columns]",0.06619478633298398,0.06619478633298398,0.3340607869749259,0.3340607869749259,-0.04132545394515945,-0.04132545394515945
1,"   Ticker  CurrentPrice  ExpectedReturn  SharpeRatio  ... CurrentHolding  current_weight  NewTotalAllocation  FinalWeight
0    BABA    120.360001        0.379196     0.045773  ...         8858.0        0.012454            308858.0     0.180489
1    PYPL     67.650002        0.433851     0.157570  ...        57125.0        0.080318            357125.0     0.208695
2    ADBE    341.049988        0.375165     0.439399  ...            0.0        0.000000            300000.0     0.175312
3     OXY     44.320000        0.240975    -0.053208  ...         9033.0        0.012700            109033.0     0.063716
4   GOOGL    201.419998        0.017774     0.669549  ...        53664.0        0.075452             53664.0     0.031360
5       V    336.779999        0.048843     0.657371  ...        19257.0        0.027076             19257.0     0.011253
6     AXP    297.429993        0.058796     0.402560  ...        11133.0        0.015653             11133.0     0.006506
7     DIS    112.430000        0.147381     0.090111  ...         2205.0        0.003100              2205.0     0.001289
8    AMZN    222.690002        0.001392     0.766961  ...        32498.0        0.045693             32498.0     0.018991
9    META    769.299988        0.020953     0.567847  ...       156059.0        0.219421            156059.0     0.091197
10   TSLA    329.649994       -0.012457     0.508059  ...        34347.0        0.048292             34347.0     0.020072
11    TSM    241.830002        0.058103     0.769732  ...        53391.0        0.075068             53391.0     0.031200
12   MSFT    522.039978        0.037696     0.894762  ...        49570.0        0.069696             49570.0     0.028967
13   AAPL    229.350006        0.005122     0.729472  ...        26798.0        0.037678             26798.0     0.015660
14     NU     12.300000        0.053846     0.077125  ...         9801.0        0.013780              9801.0     0.005727
15     KR     74.239998        0.052370     0.347830  ...         6749.0        0.009489              6749.0     0.003944
16   NVDA    182.699997        0.028884     1.149615  ...       164304.0        0.231013            164304.0     0.096015
17   UBER     89.559998        0.016079     0.237387  ...        16440.0        0.023115             16440.0     0.009607

[18 rows x 11 columns]",0.06619478633298398,0.24990225816106632,0.3340607869749259,0.3000956904968324,-0.04132545394515945,0.5661602733440775
2,"   Ticker  CurrentPrice  ExpectedReturn  SharpeRatio  ... CurrentHolding  current_weight  NewTotalAllocation  FinalWeight
0    BABA    120.360001        0.379196     0.045773  ...         8858.0        0.012454            608858.0     0.224569
1    PYPL     67.650002        0.433851     0.157570  ...        57125.0        0.080318            657125.0     0.242371
2    ADBE    341.049988        0.375165     0.439399  ...            0.0        0.000000            600000.0     0.221302
3     OXY     44.320000        0.240975    -0.053208  ...         9033.0        0.012700            209033.0     0.077099
4   GOOGL    201.419998        0.017774     0.669549  ...        53664.0        0.075452             53664.0     0.019793
5       V    336.779999        0.048843     0.657371  ...        19257.0        0.027076             19257.0     0.007103
6     AXP    297.429993        0.058796     0.402560  ...        11133.0        0.015653             11133.0     0.004106
7     DIS    112.430000        0.147381     0.090111  ...         2205.0        0.003100              2205.0     0.000813
8    AMZN    222.690002        0.001392     0.766961  ...        32498.0        0.045693             32498.0     0.011986
9    META    769.299988        0.020953     0.567847  ...       156059.0        0.219421            156059.0     0.057560
10   TSLA    329.649994       -0.012457     0.508059  ...        34347.0        0.048292             34347.0     0.012668
11    TSM    241.830002        0.058103     0.769732  ...        53391.0        0.075068             53391.0     0.019693
12   MSFT    522.039978        0.037696     0.894762  ...        49570.0        0.069696             49570.0     0.018283
13   AAPL    229.350006        0.005122     0.729472  ...        26798.0        0.037678             26798.0     0.009884
14     NU     12.300000        0.053846     0.077125  ...         9801.0        0.013780              9801.0     0.003615
15     KR     74.239998        0.052370     0.347830  ...         6749.0        0.009489              6749.0     0.002489
16   NVDA    182.699997        0.028884     1.149615  ...       164304.0        0.231013            164304.0     0.060601
17   UBER     89.559998        0.016079     0.237387  ...        16440.0        0.023115             16440.0     0.006064

[18 rows x 11 columns]",0.06619478633298398,0.29809386721673936,0.3340607869749259,0.30149412008198323,-0.04132545394515945,0.72337685112212
3,"   Ticker  CurrentPrice  ExpectedReturn  SharpeRatio  ... CurrentHolding  current_weight  NewTotalAllocation  FinalWeight
0    BABA    120.360001        0.379196     0.045773  ...         8858.0        0.012454            908858.0     0.244894
1    PYPL     67.650002        0.433851     0.157570  ...        57125.0        0.080318            957125.0     0.257900
2    ADBE    341.049988        0.375165     0.439399  ...            0.0        0.000000            900000.0     0.242507
3     OXY     44.320000        0.240975    -0.053208  ...         9033.0        0.012700            309033.0     0.083270
4   GOOGL    201.419998        0.017774     0.669549  ...        53664.0        0.075452             53664.0     0.014460
5       V    336.779999        0.048843     0.657371  ...        19257.0        0.027076             19257.0     0.005189
6     AXP    297.429993        0.058796     0.402560  ...        11133.0        0.015653             11133.0     0.003000
7     DIS    112.430000        0.147381     0.090111  ...         2205.0        0.003100              2205.0     0.000594
8    AMZN    222.690002        0.001392     0.766961  ...        32498.0        0.045693             32498.0     0.008757
9    META    769.299988        0.020953     0.567847  ...       156059.0        0.219421            156059.0     0.042050
10   TSLA    329.649994       -0.012457     0.508059  ...        34347.0        0.048292             34347.0     0.009255
11    TSM    241.830002        0.058103     0.769732  ...        53391.0        0.075068             53391.0     0.014386
12   MSFT    522.039978        0.037696     0.894762  ...        49570.0        0.069696             49570.0     0.013357
13   AAPL    229.350006        0.005122     0.729472  ...        26798.0        0.037678             26798.0     0.007221
14     NU     12.300000        0.053846     0.077125  ...         9801.0        0.013780              9801.0     0.002641
15     KR     74.239998        0.052370     0.347830  ...         6749.0        0.009489              6749.0     0.001819
16   NVDA    182.699997        0.028884     1.149615  ...       164304.0        0.231013            164304.0     0.044272
17   UBER     89.559998        0.016079     0.237387  ...        16440.0        0.023115             16440.0     0.004430

[18 rows x 11 columns]",0.06619478633298398,0.32031479642503397,0.3340607869749259,0.3036370689555542,-0.04132545394515945,0.7914540778952479
4,"   Ticker  CurrentPrice  ExpectedReturn  SharpeRatio  ... CurrentHolding  current_weight  NewTotalAllocation  FinalWeight
0    BABA    120.360001        0.379196     0.045773  ...         8858.0        0.012454           1208858.0     0.256591
1    PYPL     67.650002        0.433851     0.157570  ...        57125.0        0.080318           1257125.0     0.266836
2    ADBE    341.049988        0.375165     0.439399  ...            0.0        0.000000           1200000.0     0.254710
3     OXY     44.320000        0.240975    -0.053208  ...         9033.0        0.012700            409033.0     0.086821
4   GOOGL    201.419998        0.017774     0.669549  ...        53664.0        0.075452             53664.0     0.011391
5       V    336.779999        0.048843     0.657371  ...        19257.0        0.027076             19257.0     0.004087
6     AXP    297.429993        0.058796     0.402560  ...        11133.0        0.015653             11133.0     0.002363
7     DIS    112.430000        0.147381     0.090111  ...         2205.0        0.003100              2205.0     0.000468
8    AMZN    222.690002        0.001392     0.766961  ...        32498.0        0.045693             32498.0     0.006898
9    META    769.299988        0.020953     0.567847  ...       156059.0        0.219421            156059.0     0.033125
10   TSLA    329.649994       -0.012457     0.508059  ...        34347.0        0.048292             34347.0     0.007290
11    TSM    241.830002        0.058103     0.769732  ...        53391.0        0.075068             53391.0     0.011333
12   MSFT    522.039978        0.037696     0.894762  ...        49570.0        0.069696             49570.0     0.010522
13   AAPL    229.350006        0.005122     0.729472  ...        26798.0        0.037678             26798.0     0.005688
14     NU     12.300000        0.053846     0.077125  ...         9801.0        0.013780              9801.0     0.002080
15     KR     74.239998        0.052370     0.347830  ...         6749.0        0.009489              6749.0     0.001433
16   NVDA    182.699997        0.028884     1.149615  ...       164304.0        0.231013            164304.0     0.034875
17   UBER     89.559998        0.016079     0.237387  ...        16440.0        0.023115             16440.0     0.003490

[18 rows x 11 columns]",0.06619478633298398,0.33310255434891956,0.3340607869749259,0.3052896702009783,-0.04132545394515945,0.8290570531990062
5,"   Ticker  CurrentPrice  ExpectedReturn  SharpeRatio  ... CurrentHolding  current_weight  NewTotalAllocation  FinalWeight
0    BABA    120.360001        0.379196     0.045773  ...         8858.0        0.012454           1508858.0     0.264191
1    PYPL     67.650002        0.433851     0.157570  ...        57125.0        0.080318           1557125.0     0.272643
2    ADBE    341.049988        0.375165     0.439399  ...            0.0        0.000000           1500000.0     0.262640
3     OXY     44.320000        0.240975    -0.053208  ...         9033.0        0.012700            509033.0     0.089128
4   GOOGL    201.419998        0.017774     0.669549  ...        53664.0        0.075452             53664.0     0.009396
5       V    336.779999        0.048843     0.657371  ...        19257.0        0.027076             19257.0     0.003372
6     AXP    297.429993        0.058796     0.402560  ...        11133.0        0.015653             11133.0     0.001949
7     DIS    112.430000        0.147381     0.090111  ...         2205.0        0.003100              2205.0     0.000386
8    AMZN    222.690002        0.001392     0.766961  ...        32498.0        0.045693             32498.0     0.005690
9    META    769.299988        0.020953     0.567847  ...       156059.0        0.219421            156059.0     0.027325
10   TSLA    329.649994       -0.012457     0.508059  ...        34347.0        0.048292             34347.0     0.006014
11    TSM    241.830002        0.058103     0.769732  ...        53391.0        0.075068             53391.0     0.009348
12   MSFT    522.039978        0.037696     0.894762  ...        49570.0        0.069696             49570.0     0.008679
13   AAPL    229.350006        0.005122     0.729472  ...        26798.0        0.037678             26798.0     0.004692
14     NU     12.300000        0.053846     0.077125  ...         9801.0        0.013780              9801.0     0.001716
15     KR     74.239998        0.052370     0.347830  ...         6749.0        0.009489              6749.0     0.001182
16   NVDA    182.699997        0.028884     1.149615  ...       164304.0        0.231013            164304.0     0.028769
17   UBER     89.559998        0.016079     0.237387  ...        16440.0        0.023115             16440.0     0.002879

[18 rows x 11 columns]",0.06619478633298398,0.3414122038983297,0.3340607869749259,0.3065249291234677,-0.04132545394515945,0.8528252649657521
6,"   Ticker  CurrentPrice  ExpectedReturn  SharpeRatio  ... CurrentHolding  current_weight  NewTotalAllocation  FinalWeight
0    BABA    120.360001        0.379196     0.045773  ...         8858.0        0.012454           1808858.0     0.269527
1    PYPL     67.650002        0.433851     0.157570  ...        57125.0        0.080318           1857125.0     0.276719
2    ADBE    341.049988        0.375165     0.439399  ...            0.0        0.000000           1800000.0     0.268207
3     OXY     44.320000        0.240975    -0.053208  ...         9033.0        0.012700            609033.0     0.090748
4   GOOGL    201.419998        0.017774     0.669549  ...        53664.0        0.075452             53664.0     0.007996
5       V    336.779999        0.048843     0.657371  ...        19257.0        0.027076             19257.0     0.002869
6     AXP    297.429993        0.058796     0.402560  ...        11133.0        0.015653             11133.0     0.001659
7     DIS    112.430000        0.147381     0.090111  ...         2205.0        0.003100              2205.0     0.000329
8    AMZN    222.690002        0.001392     0.766961  ...        32498.0        0.045693             32498.0     0.004842
9    META    769.299988        0.020953     0.567847  ...       156059.0        0.219421            156059.0     0.023253
10   TSLA    329.649994       -0.012457     0.508059  ...        34347.0        0.048292             34347.0     0.005118
11    TSM    241.830002        0.058103     0.769732  ...        53391.0        0.075068             53391.0     0.007955
12   MSFT    522.039978        0.037696     0.894762  ...        49570.0        0.069696             49570.0     0.007386
13   AAPL    229.350006        0.005122     0.729472  ...        26798.0        0.037678             26798.0     0.003993
14     NU     12.300000        0.053846     0.077125  ...         9801.0        0.013780              9801.0     0.001460
15     KR     74.239998        0.052370     0.347830  ...         6749.0        0.009489              6749.0     0.001006
16   NVDA    182.699997        0.028884     1.149615  ...       164304.0        0.231013            164304.0     0.024482
17   UBER     89.559998        0.016079     0.237387  ...        16440.0        0.023115             16440.0     0.002450

[18 rows x 11 columns]",0.06619478633298398,0.34724551242736984,0.3340607869749259,0.30746704635001576,-0.04132545394515945,0.869184244620289
7,"   Ticker  CurrentPrice  ExpectedReturn  SharpeRatio  ... CurrentHolding  current_weight  NewTotalAllocation  FinalWeight
0    BABA    120.360001        0.379196     0.045773  ...         8858.0        0.012454           2108858.0     0.273479
1    PYPL     67.650002        0.433851     0.157570  ...        57125.0        0.080318           2157125.0     0.279738
2    ADBE    341.049988        0.375165     0.439399  ...            0.0        0.000000           2100000.0     0.272330
3     OXY     44.320000        0.240975    -0.053208  ...         9033.0        0.012700            709033.0     0.091948
4   GOOGL    201.419998        0.017774     0.669549  ...        53664.0        0.075452             53664.0     0.006959
5       V    336.779999        0.048843     0.657371  ...        19257.0        0.027076             19257.0     0.002497
6     AXP    297.429993        0.058796     0.402560  ...        11133.0        0.015653             11133.0     0.001444
7     DIS    112.430000        0.147381     0.090111  ...         2205.0        0.003100              2205.0     0.000286
8    AMZN    222.690002        0.001392     0.766961  ...        32498.0        0.045693             32498.0     0.004214
9    META    769.299988        0.020953     0.567847  ...       156059.0        0.219421            156059.0     0.020238
10   TSLA    329.649994       -0.012457     0.508059  ...        34347.0        0.048292             34347.0     0.004454
11    TSM    241.830002        0.058103     0.769732  ...        53391.0        0.075068             53391.0     0.006924
12   MSFT    522.039978        0.037696     0.894762  ...        49570.0        0.069696             49570.0     0.006428
13   AAPL    229.350006        0.005122     0.729472  ...        26798.0        0.037678             26798.0     0.003475
14     NU     12.300000        0.053846     0.077125  ...         9801.0        0.013780              9801.0     0.001271
15     KR     74.239998        0.052370     0.347830  ...         6749.0        0.009489              6749.0     0.000875
16   NVDA    182.699997        0.028884     1.149615  ...       164304.0        0.231013            164304.0     0.021307
17   UBER     89.559998        0.016079     0.237387  ...        16440.0        0.023115             16440.0     0.002132

[18 rows x 11 columns]",0.06619478633298398,0.35156588280877293,0.3340607869749259,0.30820429922867315,-0.04132545394515945,0.8811229547686606
8,"   Ticker  CurrentPrice  ExpectedReturn  SharpeRatio  ... CurrentHolding  current_weight  NewTotalAllocation  FinalWeight
0    BABA    120.360001        0.379196     0.045773  ...         8858.0        0.012454           2408858.0     0.276523
1    PYPL     67.650002        0.433851     0.157570  ...        57125.0        0.080318           2457125.0     0.282064
2    ADBE    341.049988        0.375165     0.439399  ...            0.0        0.000000           2400000.0     0.275506
3     OXY     44.320000        0.240975    -0.053208  ...         9033.0        0.012700            809033.0     0.092872
4   GOOGL    201.419998        0.017774     0.669549  ...        53664.0        0.075452             53664.0     0.006160
5       V    336.779999        0.048843     0.657371  ...        19257.0        0.027076             19257.0     0.002211
6     AXP    297.429993        0.058796     0.402560  ...        11133.0        0.015653             11133.0     0.001278
7     DIS    112.430000        0.147381     0.090111  ...         2205.0        0.003100              2205.0     0.000253
8    AMZN    222.690002        0.001392     0.766961  ...        32498.0        0.045693             32498.0     0.003731
9    META    769.299988        0.020953     0.567847  ...       156059.0        0.219421            156059.0     0.017915
10   TSLA    329.649994       -0.012457     0.508059  ...        34347.0        0.048292             34347.0     0.003943
11    TSM    241.830002        0.058103     0.769732  ...        53391.0        0.075068             53391.0     0.006129
12   MSFT    522.039978        0.037696     0.894762  ...        49570.0        0.069696             49570.0     0.005690
13   AAPL    229.350006        0.005122     0.729472  ...        26798.0        0.037678             26798.0     0.003076
14     NU     12.300000        0.053846     0.077125  ...         9801.0        0.013780              9801.0     0.001125
15     KR     74.239998        0.052370     0.347830  ...         6749.0        0.009489              6749.0     0.000775
16   NVDA    182.699997        0.028884     1.149615  ...       164304.0        0.231013            164304.0     0.018861
17   UBER     89.559998        0.016079     0.237387  ...        16440.0        0.023115             16440.0     0.001887

[18 rows x 11 columns]",0.06619478633298398,0.3548943451841894,0.3340607869749259,0.3087950329601749,-0.04132545394515945,0.8902162141307575
9,"   Ticker  CurrentPrice  ExpectedReturn  SharpeRatio  ... CurrentHolding  current_weight  NewTotalAllocation  FinalWeight
0    BABA    120.360001        0.379196     0.045773  ...         8858.0        0.012454           2708858.0     0.278941
1    PYPL     67.650002        0.433851     0.157570  ...        57125.0        0.080318           2757125.0     0.283911
2    ADBE    341.049988        0.375165     0.439399  ...            0.0        0.000000           2700000.0     0.278029
3     OXY     44.320000        0.240975    -0.053208  ...         9033.0        0.012700            909033.0     0.093606
4   GOOGL    201.419998        0.017774     0.669549  ...        53664.0        0.075452             53664.0     0.005526
5       V    336.779999        0.048843     0.657371  ...        19257.0        0.027076             19257.0     0.001983
6     AXP    297.429993        0.058796     0.402560  ...        11133.0        0.015653             11133.0     0.001146
7     DIS    112.430000        0.147381     0.090111  ...         2205.0        0.003100              2205.0     0.000227
8    AMZN    222.690002        0.001392     0.766961  ...        32498.0        0.045693             32498.0     0.003346
9    META    769.299988        0.020953     0.567847  ...       156059.0        0.219421            156059.0     0.016070
10   TSLA    329.649994       -0.012457     0.508059  ...        34347.0        0.048292             34347.0     0.003537
11    TSM    241.830002        0.058103     0.769732  ...        53391.0        0.075068             53391.0     0.005498
12   MSFT    522.039978        0.037696     0.894762  ...        49570.0        0.069696             49570.0     0.005104
13   AAPL    229.350006        0.005122     0.729472  ...        26798.0        0.037678             26798.0     0.002759
14     NU     12.300000        0.053846     0.077125  ...         9801.0        0.013780              9801.0     0.001009
15     KR     74.239998        0.052370     0.347830  ...         6749.0        0.009489              6749.0     0.000695
16   NVDA    182.699997        0.028884     1.149615  ...       164304.0        0.231013            164304.0     0.016919
17   UBER     89.559998        0.016079     0.237387  ...        16440.0        0.023115             16440.0     0.001693

[18 rows x 11 columns]",0.06619478633298398,0.35753732040917696,0.3340607869749259,0.30927812433452034,-0.04132545394515945,0.8973713255871534
10,"   Ticker  CurrentPrice  ExpectedReturn  SharpeRatio  ... CurrentHolding  current_weight  NewTotalAllocation  FinalWeight
0    BABA    120.360001        0.379196     0.045773  ...         8858.0        0.012454           3008858.0     0.280907
1    PYPL     67.650002        0.433851     0.157570  ...        57125.0        0.080318           3057125.0     0.285413
2    ADBE    341.049988        0.375165     0.439399  ...            0.0        0.000000           3000000.0     0.280080
3     OXY     44.320000        0.240975    -0.053208  ...         9033.0        0.012700           1009033.0     0.094203
4   GOOGL    201.419998        0.017774     0.669549  ...        53664.0        0.075452             53664.0     0.005010
5       V    336.779999        0.048843     0.657371  ...        19257.0        0.027076             19257.0     0.001798
6     AXP    297.429993        0.058796     0.402560  ...        11133.0        0.015653             11133.0     0.001039
7     DIS    112.430000        0.147381     0.090111  ...         2205.0        0.003100              2205.0     0.000206
8    AMZN    222.690002        0.001392     0.766961  ...        32498.0        0.045693             32498.0     0.003034
9    META    769.299988        0.020953     0.567847  ...       156059.0        0.219421            156059.0     0.014570
10   TSLA    329.649994       -0.012457     0.508059  ...        34347.0        0.048292             34347.0     0.003207
11    TSM    241.830002        0.058103     0.769732  ...        53391.0        0.075068             53391.0     0.004985
12   MSFT    522.039978        0.037696     0.894762  ...        49570.0        0.069696             49570.0     0.004628
13   AAPL    229.350006        0.005122     0.729472  ...        26798.0        0.037678             26798.0     0.002502
14     NU     12.300000        0.053846     0.077125  ...         9801.0        0.013780              9801.0     0.000915
15     KR     74.239998        0.052370     0.347830  ...         6749.0        0.009489              6749.0     0.000630
16   NVDA    182.699997        0.028884     1.149615  ...       164304.0        0.231013            164304.0     0.015339
17   UBER     89.559998        0.016079     0.237387  ...        16440.0        0.023115             16440.0     0.001535

[18 rows x 11 columns]",0.06619478633298398,0.3596867996058857,0.3340607869749259,0.3096801185794592,-0.04132545394515945,0.9031474183387794
11,"   Ticker  CurrentPrice  ExpectedReturn  SharpeRatio  ... CurrentHolding  current_weight  NewTotalAllocation  FinalWeight
0    BABA    120.360001        0.379196     0.045773  ...         8858.0        0.012454           3308858.0     0.282537
1    PYPL     67.650002        0.433851     0.157570  ...        57125.0        0.080318           3357125.0     0.286659
2    ADBE    341.049988        0.375165     0.439399  ...            0.0        0.000000           3300000.0     0.281781
3     OXY     44.320000        0.240975    -0.053208  ...         9033.0        0.012700           1109033.0     0.094698
4   GOOGL    201.419998        0.017774     0.669549  ...        53664.0        0.075452             53664.0     0.004582
5       V    336.779999        0.048843     0.657371  ...        19257.0        0.027076             19257.0     0.001644
6     AXP    297.429993        0.058796     0.402560  ...        11133.0        0.015653             11133.0     0.000951
7     DIS    112.430000        0.147381     0.090111  ...         2205.0        0.003100              2205.0     0.000188
8    AMZN    222.690002        0.001392     0.766961  ...        32498.0        0.045693             32498.0     0.002775
9    META    769.299988        0.020953     0.567847  ...       156059.0        0.219421            156059.0     0.013326
10   TSLA    329.649994       -0.012457     0.508059  ...        34347.0        0.048292             34347.0     0.002933
11    TSM    241.830002        0.058103     0.769732  ...        53391.0        0.075068             53391.0     0.004559
12   MSFT    522.039978        0.037696     0.894762  ...        49570.0        0.069696             49570.0     0.004233
13   AAPL    229.350006        0.005122     0.729472  ...        26798.0        0.037678             26798.0     0.002288
14     NU     12.300000        0.053846     0.077125  ...         9801.0        0.013780              9801.0     0.000837
15     KR     74.239998        0.052370     0.347830  ...         6749.0        0.009489              6749.0     0.000576
16   NVDA    182.699997        0.028884     1.149615  ...       164304.0        0.231013            164304.0     0.014030
17   UBER     89.559998        0.016079     0.237387  ...        16440.0        0.023115             16440.0     0.001404

[18 rows x 11 columns]",0.06619478633298398,0.36146919885802337,0.3340607869749259,0.3100196319992111,-0.04132545394515945,0.9079076606953058
12,"   Ticker  CurrentPrice  ExpectedReturn  SharpeRatio  ... CurrentHolding  current_weight  NewTotalAllocation  FinalWeight
0    BABA    120.360001        0.379196     0.045773  ...         8858.0        0.012454           3608858.0     0.283911
1    PYPL     67.650002        0.433851     0.157570  ...        57125.0        0.080318           3657125.0     0.287708
2    ADBE    341.049988        0.375165     0.439399  ...            0.0        0.000000           3600000.0     0.283214
3     OXY     44.320000        0.240975    -0.053208  ...         9033.0        0.012700           1209033.0     0.095115
4   GOOGL    201.419998        0.017774     0.669549  ...        53664.0        0.075452             53664.0     0.004222
5       V    336.779999        0.048843     0.657371  ...        19257.0        0.027076             19257.0     0.001515
6     AXP    297.429993        0.058796     0.402560  ...        11133.0        0.015653             11133.0     0.000876
7     DIS    112.430000        0.147381     0.090111  ...         2205.0        0.003100              2205.0     0.000173
8    AMZN    222.690002        0.001392     0.766961  ...        32498.0        0.045693             32498.0     0.002557
9    META    769.299988        0.020953     0.567847  ...       156059.0        0.219421            156059.0     0.012277
10   TSLA    329.649994       -0.012457     0.508059  ...        34347.0        0.048292             34347.0     0.002702
11    TSM    241.830002        0.058103     0.769732  ...        53391.0        0.075068             53391.0     0.004200
12   MSFT    522.039978        0.037696     0.894762  ...        49570.0        0.069696             49570.0     0.003900
13   AAPL    229.350006        0.005122     0.729472  ...        26798.0        0.037678             26798.0     0.002108
14     NU     12.300000        0.053846     0.077125  ...         9801.0        0.013780              9801.0     0.000771
15     KR     74.239998        0.052370     0.347830  ...         6749.0        0.009489              6749.0     0.000531
16   NVDA    182.699997        0.028884     1.149615  ...       164304.0        0.231013            164304.0     0.012926
17   UBER     89.559998        0.016079     0.237387  ...        16440.0        0.023115             16440.0     0.001293

[18 rows x 11 columns]",0.06619478633298398,0.3629711533425512,0.3340607869749259,0.31031005465325606,-0.04132545394515945,0.911898113191164
13,"   Ticker  CurrentPrice  ExpectedReturn  SharpeRatio  ... CurrentHolding  current_weight  NewTotalAllocation  FinalWeight
0    BABA    120.360001        0.379196     0.045773  ...         8858.0        0.012454           3908858.0     0.285084
1    PYPL     67.650002        0.433851     0.157570  ...        57125.0        0.080318           3957125.0     0.288605
2    ADBE    341.049988        0.375165     0.439399  ...            0.0        0.000000           3900000.0     0.284438
3     OXY     44.320000        0.240975    -0.053208  ...         9033.0        0.012700           1309033.0     0.095472
4   GOOGL    201.419998        0.017774     0.669549  ...        53664.0        0.075452             53664.0     0.003914
5       V    336.779999        0.048843     0.657371  ...        19257.0        0.027076             19257.0     0.001404
6     AXP    297.429993        0.058796     0.402560  ...        11133.0        0.015653             11133.0     0.000812
7     DIS    112.430000        0.147381     0.090111  ...         2205.0        0.003100              2205.0     0.000161
8    AMZN    222.690002        0.001392     0.766961  ...        32498.0        0.045693             32498.0     0.002370
9    META    769.299988        0.020953     0.567847  ...       156059.0        0.219421            156059.0     0.011382
10   TSLA    329.649994       -0.012457     0.508059  ...        34347.0        0.048292             34347.0     0.002505
11    TSM    241.830002        0.058103     0.769732  ...        53391.0        0.075068             53391.0     0.003894
12   MSFT    522.039978        0.037696     0.894762  ...        49570.0        0.069696             49570.0     0.003615
13   AAPL    229.350006        0.005122     0.729472  ...        26798.0        0.037678             26798.0     0.001954
14     NU     12.300000        0.053846     0.077125  ...         9801.0        0.013780              9801.0     0.000715
15     KR     74.239998        0.052370     0.347830  ...         6749.0        0.009489              6749.0     0.000492
16   NVDA    182.699997        0.028884     1.149615  ...       164304.0        0.231013            164304.0     0.011983
17   UBER     89.559998        0.016079     0.237387  ...        16440.0        0.023115             16440.0     0.001199

[18 rows x 11 columns]",0.06619478633298398,0.36425402401542334,0.3340607869749259,0.31056124060150975,-0.04132545394515945,0.9152913720490897
14,"   Ticker  CurrentPrice  ExpectedReturn  SharpeRatio  ... CurrentHolding  current_weight  NewTotalAllocation  FinalWeight
0    BABA    120.360001        0.379196     0.045773  ...         8858.0        0.012454           4208858.0     0.286098
1    PYPL     67.650002        0.433851     0.157570  ...        57125.0        0.080318           4257125.0     0.289379
2    ADBE    341.049988        0.375165     0.439399  ...            0.0        0.000000           4200000.0     0.285496
3     OXY     44.320000        0.240975    -0.053208  ...         9033.0        0.012700           1409033.0     0.095779
4   GOOGL    201.419998        0.017774     0.669549  ...        53664.0        0.075452             53664.0     0.003648
5       V    336.779999        0.048843     0.657371  ...        19257.0        0.027076             19257.0     0.001309
6     AXP    297.429993        0.058796     0.402560  ...        11133.0        0.015653             11133.0     0.000757
7     DIS    112.430000        0.147381     0.090111  ...         2205.0        0.003100              2205.0     0.000150
8    AMZN    222.690002        0.001392     0.766961  ...        32498.0        0.045693             32498.0     0.002209
9    META    769.299988        0.020953     0.567847  ...       156059.0        0.219421            156059.0     0.010608
10   TSLA    329.649994       -0.012457     0.508059  ...        34347.0        0.048292             34347.0     0.002335
11    TSM    241.830002        0.058103     0.769732  ...        53391.0        0.075068             53391.0     0.003629
12   MSFT    522.039978        0.037696     0.894762  ...        49570.0        0.069696             49570.0     0.003370
13   AAPL    229.350006        0.005122     0.729472  ...        26798.0        0.037678             26798.0     0.001822
14     NU     12.300000        0.053846     0.077125  ...         9801.0        0.013780              9801.0     0.000666
15     KR     74.239998        0.052370     0.347830  ...         6749.0        0.009489              6749.0     0.000459
16   NVDA    182.699997        0.028884     1.149615  ...       164304.0        0.231013            164304.0     0.011169
17   UBER     89.559998        0.016079     0.237387  ...        16440.0        0.023115             16440.0     0.001118

[18 rows x 11 columns]",0.06619478633298398,0.3653624877218535,0.3340607869749259,0.3107805913914734,-0.04132545394515945,0.9182120622275214
15,"   Ticker  CurrentPrice  ExpectedReturn  SharpeRatio  ... CurrentHolding  current_weight  NewTotalAllocation  FinalWeight
0    BABA    120.360001        0.379196     0.045773  ...         8858.0        0.012454           4508858.0     0.286983
1    PYPL     67.650002        0.433851     0.157570  ...        57125.0        0.080318           4557125.0     0.290055
2    ADBE    341.049988        0.375165     0.439399  ...            0.0        0.000000           4500000.0     0.286419
3     OXY     44.320000        0.240975    -0.053208  ...         9033.0        0.012700           1509033.0     0.096048
4   GOOGL    201.419998        0.017774     0.669549  ...        53664.0        0.075452             53664.0     0.003416
5       V    336.779999        0.048843     0.657371  ...        19257.0        0.027076             19257.0     0.001226
6     AXP    297.429993        0.058796     0.402560  ...        11133.0        0.015653             11133.0     0.000709
7     DIS    112.430000        0.147381     0.090111  ...         2205.0        0.003100              2205.0     0.000140
8    AMZN    222.690002        0.001392     0.766961  ...        32498.0        0.045693             32498.0     0.002068
9    META    769.299988        0.020953     0.567847  ...       156059.0        0.219421            156059.0     0.009933
10   TSLA    329.649994       -0.012457     0.508059  ...        34347.0        0.048292             34347.0     0.002186
11    TSM    241.830002        0.058103     0.769732  ...        53391.0        0.075068             53391.0     0.003398
12   MSFT    522.039978        0.037696     0.894762  ...        49570.0        0.069696             49570.0     0.003155
13   AAPL    229.350006        0.005122     0.729472  ...        26798.0        0.037678             26798.0     0.001706
14     NU     12.300000        0.053846     0.077125  ...         9801.0        0.013780              9801.0     0.000624
15     KR     74.239998        0.052370     0.347830  ...         6749.0        0.009489              6749.0     0.000430
16   NVDA    182.699997        0.028884     1.149615  ...       164304.0        0.231013            164304.0     0.010458
17   UBER     89.559998        0.016079     0.237387  ...        16440.0        0.023115             16440.0     0.001046

[18 rows x 11 columns]",0.06619478633298398,0.3663298468088076,0.3340607869749259,0.3109737684078191,-0.04132545394515945,0.9207524103232629
16,"   Ticker  CurrentPrice  ExpectedReturn  SharpeRatio  ... CurrentHolding  current_weight  NewTotalAllocation  FinalWeight
0    BABA    120.360001        0.379196     0.045773  ...         8858.0        0.012454           4808858.0     0.287762
1    PYPL     67.650002        0.433851     0.157570  ...        57125.0        0.080318           4857125.0     0.290650
2    ADBE    341.049988        0.375165     0.439399  ...            0.0        0.000000           4800000.0     0.287232
3     OXY     44.320000        0.240975    -0.053208  ...         9033.0        0.012700           1609033.0     0.096285
4   GOOGL    201.419998        0.017774     0.669549  ...        53664.0        0.075452             53664.0     0.003211
5       V    336.779999        0.048843     0.657371  ...        19257.0        0.027076             19257.0     0.001152
6     AXP    297.429993        0.058796     0.402560  ...        11133.0        0.015653             11133.0     0.000666
7     DIS    112.430000        0.147381     0.090111  ...         2205.0        0.003100              2205.0     0.000132
8    AMZN    222.690002        0.001392     0.766961  ...        32498.0        0.045693             32498.0     0.001945
9    META    769.299988        0.020953     0.567847  ...       156059.0        0.219421            156059.0     0.009339
10   TSLA    329.649994       -0.012457     0.508059  ...        34347.0        0.048292             34347.0     0.002055
11    TSM    241.830002        0.058103     0.769732  ...        53391.0        0.075068             53391.0     0.003195
12   MSFT    522.039978        0.037696     0.894762  ...        49570.0        0.069696             49570.0     0.002966
13   AAPL    229.350006        0.005122     0.729472  ...        26798.0        0.037678             26798.0     0.001604
14     NU     12.300000        0.053846     0.077125  ...         9801.0        0.013780              9801.0     0.000586
15     KR     74.239998        0.052370     0.347830  ...         6749.0        0.009489              6749.0     0.000404
16   NVDA    182.699997        0.028884     1.149615  ...       164304.0        0.231013            164304.0     0.009832
17   UBER     89.559998        0.016079     0.237387  ...        16440.0        0.023115             16440.0     0.000984

[18 rows x 11 columns]",0.06619478633298398,0.3671814323744612,0.3340607869749259,0.31114517263615876,-0.04132545394515945,0.922982124200526
17,"   Ticker  CurrentPrice  ExpectedReturn  SharpeRatio  ... CurrentHolding  current_weight  NewTotalAllocation  FinalWeight
0    BABA    120.360001        0.379196     0.045773  ...         8858.0        0.012454           5108858.0     0.288453
1    PYPL     67.650002        0.433851     0.157570  ...        57125.0        0.080318           5157125.0     0.291178
2    ADBE    341.049988        0.375165     0.439399  ...            0.0        0.000000           5100000.0     0.287953
3     OXY     44.320000        0.240975    -0.053208  ...         9033.0        0.012700           1709033.0     0.096494
4   GOOGL    201.419998        0.017774     0.669549  ...        53664.0        0.075452             53664.0     0.003030
5       V    336.779999        0.048843     0.657371  ...        19257.0        0.027076             19257.0     0.001087
6     AXP    297.429993        0.058796     0.402560  ...        11133.0        0.015653             11133.0     0.000629
7     DIS    112.430000        0.147381     0.090111  ...         2205.0        0.003100              2205.0     0.000124
8    AMZN    222.690002        0.001392     0.766961  ...        32498.0        0.045693             32498.0     0.001835
9    META    769.299988        0.020953     0.567847  ...       156059.0        0.219421            156059.0     0.008811
10   TSLA    329.649994       -0.012457     0.508059  ...        34347.0        0.048292             34347.0     0.001939
11    TSM    241.830002        0.058103     0.769732  ...        53391.0        0.075068             53391.0     0.003015
12   MSFT    522.039978        0.037696     0.894762  ...        49570.0        0.069696             49570.0     0.002799
13   AAPL    229.350006        0.005122     0.729472  ...        26798.0        0.037678             26798.0     0.001513
14     NU     12.300000        0.053846     0.077125  ...         9801.0        0.013780              9801.0     0.000553
15     KR     74.239998        0.052370     0.347830  ...         6749.0        0.009489              6749.0     0.000381
16   NVDA    182.699997        0.028884     1.149615  ...       164304.0        0.231013            164304.0     0.009277
17   UBER     89.559998        0.016079     0.237387  ...        16440.0        0.023115             16440.0     0.000928

[18 rows x 11 columns]",0.06619478633298398,0.3679368546053842,0.3340607869749259,0.3112982750637157,-0.04132545394515945,0.9249548669887427
18,"   Ticker  CurrentPrice  ExpectedReturn  SharpeRatio  ... CurrentHolding  current_weight  NewTotalAllocation  FinalWeight
0    BABA    120.360001        0.379196     0.045773  ...         8858.0        0.012454           5408858.0     0.289070
1    PYPL     67.650002        0.433851     0.157570  ...        57125.0        0.080318           5457125.0     0.291650
2    ADBE    341.049988        0.375165     0.439399  ...            0.0        0.000000           5400000.0     0.288597
3     OXY     44.320000        0.240975    -0.053208  ...         9033.0        0.012700           1809033.0     0.096682
4   GOOGL    201.419998        0.017774     0.669549  ...        53664.0        0.075452             53664.0     0.002868
5       V    336.779999        0.048843     0.657371  ...        19257.0        0.027076             19257.0     0.001029
6     AXP    297.429993        0.058796     0.402560  ...        11133.0        0.015653             11133.0     0.000595
7     DIS    112.430000        0.147381     0.090111  ...         2205.0        0.003100              2205.0     0.000118
8    AMZN    222.690002        0.001392     0.766961  ...        32498.0        0.045693             32498.0     0.001737
9    META    769.299988        0.020953     0.567847  ...       156059.0        0.219421            156059.0     0.008340
10   TSLA    329.649994       -0.012457     0.508059  ...        34347.0        0.048292             34347.0     0.001836
11    TSM    241.830002        0.058103     0.769732  ...        53391.0        0.075068             53391.0     0.002853
12   MSFT    522.039978        0.037696     0.894762  ...        49570.0        0.069696             49570.0     0.002649
13   AAPL    229.350006        0.005122     0.729472  ...        26798.0        0.037678             26798.0     0.001432
14     NU     12.300000        0.053846     0.077125  ...         9801.0        0.013780              9801.0     0.000524
15     KR     74.239998        0.052370     0.347830  ...         6749.0        0.009489              6749.0     0.000361
16   NVDA    182.699997        0.028884     1.149615  ...       164304.0        0.231013            164304.0     0.008781
17   UBER     89.559998        0.016079     0.237387  ...        16440.0        0.023115             16440.0     0.000879

[18 rows x 11 columns]",0.06619478633298398,0.36861153151382675,0.3340607869749259,0.3114358489015841,-0.04132545394515945,0.9267126200523883
19,"   Ticker  CurrentPrice  ExpectedReturn  SharpeRatio  ... CurrentHolding  current_weight  NewTotalAllocation  FinalWeight
0    BABA    120.360001        0.379196     0.045773  ...         8858.0        0.012454           5708858.0     0.289625
1    PYPL     67.650002        0.433851     0.157570  ...        57125.0        0.080318           5757125.0     0.292073
2    ADBE    341.049988        0.375165     0.439399  ...            0.0        0.000000           5700000.0     0.289175
3     OXY     44.320000        0.240975    -0.053208  ...         9033.0        0.012700           1909033.0     0.096850
4   GOOGL    201.419998        0.017774     0.669549  ...        53664.0        0.075452             53664.0     0.002723
5       V    336.779999        0.048843     0.657371  ...        19257.0        0.027076             19257.0     0.000977
6     AXP    297.429993        0.058796     0.402560  ...        11133.0        0.015653             11133.0     0.000565
7     DIS    112.430000        0.147381     0.090111  ...         2205.0        0.003100              2205.0     0.000112
8    AMZN    222.690002        0.001392     0.766961  ...        32498.0        0.045693             32498.0     0.001649
9    META    769.299988        0.020953     0.567847  ...       156059.0        0.219421            156059.0     0.007917
10   TSLA    329.649994       -0.012457     0.508059  ...        34347.0        0.048292             34347.0     0.001743
11    TSM    241.830002        0.058103     0.769732  ...        53391.0        0.075068             53391.0     0.002709
12   MSFT    522.039978        0.037696     0.894762  ...        49570.0        0.069696             49570.0     0.002515
13   AAPL    229.350006        0.005122     0.729472  ...        26798.0        0.037678             26798.0     0.001360
14     NU     12.300000        0.053846     0.077125  ...         9801.0        0.013780              9801.0     0.000497
15     KR     74.239998        0.052370     0.347830  ...         6749.0        0.009489              6749.0     0.000342
16   NVDA    182.699997        0.028884     1.149615  ...       164304.0        0.231013            164304.0     0.008336
17   UBER     89.559998        0.016079     0.237387  ...        16440.0        0.023115             16440.0     0.000834

[18 rows x 11 columns]",0.06619478633298398,0.3692177523350556,0.3340607869749259,0.3115601358586236,-0.04132545394515945,0.9282886962993678
